{
    "model": "Local Outlier Factor",
    "parameters": {
        "n_neighbors": 20,
        "contamination": 0.1
    },
    "metrics": {
        "f1_score": 0.6987577639751553,
        "good_count": 147,
        "defect_count": 820,
        "avg_score_good": 0.30927872499931486,
        "avg_score_defect": -1.7812093393264379
    },
    "classification_report": {
        "Good": {
            "precision": 0.25851703406813625,
            "recall": 0.8775510204081632,
            "f1-score": 0.3993808049535604,
            "support": 147.0
        },
        "Defect": {
            "precision": 0.9615384615384616,
            "recall": 0.5487804878048781,
            "f1-score": 0.6987577639751553,
            "support": 820.0
        },
        "accuracy": 0.5987590486039297,
        "macro avg": {
            "precision": 0.6100277478032989,
            "recall": 0.7131657541065206,
            "f1-score": 0.5490692844643579,
            "support": 967.0
        },
        "weighted avg": {
            "precision": 0.8546675723573469,
            "recall": 0.5987590486039297,
            "f1-score": 0.6532475127071362,
            "support": 967.0
        }
    }
}