{
    "class_distribution": {
        "1": 820,
        "0": 731
    },
    "train_size": 584,
    "test_size": 967,
    "f1_score": 0.8446866485013624,
    "avg_score_good": 0.3263382108334019,
    "avg_score_defect": -1.2760856417682522,
    "report": {
        "Good": {
            "precision": 0.3730407523510972,
            "recall": 0.8095238095238095,
            "f1-score": 0.5107296137339056,
            "support": 147.0
        },
        "Defect": {
            "precision": 0.9567901234567902,
            "recall": 0.7560975609756098,
            "f1-score": 0.8446866485013624,
            "support": 820.0
        },
        "accuracy": 0.7642192347466391,
        "macro avg": {
            "precision": 0.6649154379039437,
            "recall": 0.7828106852497096,
            "f1-score": 0.6777081311176341,
            "support": 967.0
        },
        "weighted avg": {
            "precision": 0.8680505603207644,
            "recall": 0.7642192347466391,
            "f1-score": 0.7939196535573954,
            "support": 967.0
        }
    }
}